<?xml version="1.0" encoding="UTF-8"?>
<project-private xmlns="http://www.netbeans.org/ns/project-private/1">
    <editor-bookmarks xmlns="http://www.netbeans.org/ns/editor-bookmarks/2" lastBookmarkId="0"/>
    <open-files xmlns="http://www.netbeans.org/ns/projectui-open-files/2">
        <group>
            <file>file:/C:/Users/SCSM11/OneDrive/Documents/NetBeansProjects/PersonalProfileApp/web/index.html</file>
            <file>file:/C:/Users/SCSM11/OneDrive/Documents/NetBeansProjects/PersonalProfileApp/web/style.css</file>
            <file>file:/C:/Users/SCSM11/OneDrive/Documents/NetBeansProjects/PersonalProfileApp/README.md</file>
            <file>file:/C:/Users/SCSM11/OneDrive/Documents/NetBeansProjects/PersonalProfileApp/web/WEB-INF/web.xml</file>
            <file>file:/C:/Users/SCSM11/OneDrive/Documents/NetBeansProjects/PersonalProfileApp/src/java/javax/servlet/RequestDispatche.java</file>
            <file>file:/C:/Users/SCSM11/OneDrive/Documents/NetBeansProjects/PersonalProfileApp/web/profile.jsp</file>
            <file>file:/C:/Users/SCSM11/OneDrive/Documents/NetBeansProjects/PersonalProfileApp/src/java/com/myapp/profile/ProfileServlet.java</file>
        </group>
    </open-files>
</project-private>
